{"cameraMode":{"drawMode":0,"name":"Shaded","section":"Shading Mode"},"sceneLighting":false,"audioPlay":false,"sceneViewState":{"m_AlwaysRefresh":false,"showFog":true,"showSkybox":false,"showFlares":true,"showImageEffects":true,"showParticleSystems":true,"showVisualEffectGraphs":true,"m_FxEnabled":true},"in2DMode":false,"pivot":{"x":-0.279085636138916,"y":-0.30399999022483828,"z":-0.9980000257492065},"rotation":{"x":-0.1828157901763916,"y":0.19959676265716554,"z":-0.037933897227048877,"w":-0.961935818195343},"size":0.8660253882408142,"orthographic":false}